{"surat":1,"count":7,"ayat":{"1":{"arabic":"\u0628\u0650\u0633\u06e1\u0645\u0650 \u0627\u0644\u0644\u0647\u0650 \u0627\u0644\u0631\u0651\u064e\u062d\u06e1\u0645\u0670\u0646\u0650 \u0627\u0644\u0631\u0651\u064e\u062d\u0650\u064a\u06e1\u0645\u0650","translate":["<br \/>1. Dengan menyebut nama Allah Yang Maha Pemurah lagi Maha Penyayang<sup><b>[1]<\/b><\/sup>.<br \/>","<footnote>[1] Maksudnya: saya memulai membaca al-Fatihah ini dengan menyebut nama Allah. Setiap pekerjaan yang baik, hendaknya dimulai dengan menyebut asma Allah, seperti makan, minum, menyembelih hewan dan sebagainya. Allah ialah nama zat yang Maha Suci, yang berhak disembah dengan sebenar-benarnya, yang tidak membutuhkan makhluk-Nya, tapi makhluk yang membutuhkan-Nya. <i>Ar Rahmaan<\/i> (Maha Pemurah): salah satu nama Allah yang memberi pengertian bahwa Allah melimpahkan karunia-Nya kepada makhluk-Nya, sedang <i>ar Rahiim<\/i> (Maha Penyayang) memberi pengertian bahwa Allah senantiasa bersifat rahmah yang menyebabkan Dia selalu melimpahkan rahmat-Nya kepada makhluk-Nya.<br \/><\/footnote>"]},"2":{"arabic":"\u0627\u064e\u0644\u06e1\u062d\u064e\u0645\u06e1\u062f\u064f \u0644\u0650\u0644\u0651\u0670\u0647\u0650 \u0631\u064e\u0628\u0651\u0650 \u0627\u0644\u06e1\u0639\u0670\u0644\u064e\u0645\u0650\u064a\u06e1\u0646\u064e\u06d9\u200f","translate":["2. Segala puji<sup><b>[2]<\/b><\/sup>bagi Allah, Tuhan semesta alam<sup><b>[3]<\/b><\/sup>.<br \/>","<footnote>[2] <i>Alhamdu<\/i> (segala puji). Memuji orang adalah karena perbuatannya yang baik yang dikerjakannya dengan kemauan sendiri. Maka memuji Allah berrati: menyanjung-Nya karena perbuatanNya yang baik. Lain halnya dengan syukur yang berarti: mengakui keutamaan seseorang terhadap nikmat yang diberikannya. Kita menghadapkan segala puji bagi Allah ialah karena Allah sumber dari segala kebaikan yang patut dipuji.<br \/> [3] <i>Rabb<\/i> (Tuhan) berarti: Tuhan yang ditaati Yang Memiliki, Mendidik dan Memelihara. Lafal <i>rabb<\/i> tidak dapat dipakai selain untuk Tuhan, kecuali kalau ada sambungannya, seperti <i>rabbul bait<\/i> (tuan rumah).<br \/><i>'Alamiin<\/i> (semesta alam): semua yang diciptakan Tuhan yang terdiri dari berbagai jenis dan macam, seperti: alam manusia, alam hewan, alam tumbuh-tumbuhan, benda-benda mati dan sebagainya. ALlah pencipta semua alam-alam itu.<br \/><\/footnote>"]},"3":{"arabic":"\u0627\u0644\u0631\u0651\u064e\u062d\u06e1\u0645\u0670\u0646\u0650 \u0627\u0644\u0631\u0651\u064e\u062d\u0650\u064a\u06e1\u0645\u0650\u06d9\u200f","translate":["3. Maha Pemurah lagi Maha Penyayang.<br \/>"]},"4":{"arabic":"\u0645\u0670\u0644\u0650\u0643\u0650 \u064a\u064e\u0648\u06e1\u0645\u0650 \u0627\u0644\u062f\u0651\u0650\u064a\u06e1\u0646\u0650\u0615\u200f","translate":["4. Yang menguasai<sup><b>[4]<\/b><\/sup>di Hari Pembalasan<sup><b>[5]<\/b><\/sup>.<br \/>","<footnote>[4] <i>Maalik<\/i> (Yang Menguasai) dengan memanjangkan <i>mim<\/i>,ia berarti: pemilik. Dapat pula dibaca dengan <i>Malik<\/i> (dengan memendekkan <i>mim<\/i>), artinya: Raja.<br \/> [5] <i>Yaumiddin<\/i> (Hari Pembalasan): hari yang diwaktu itu masing-masing manusia menerima pembalasan amalannya yang baik maupun yang buruk. Yaumiddin disebut juga yaumulqiyaamah, yaumulhisaab, yaumuljazaa' dan sebagainya.<br \/><\/footnote>"]},"5":{"arabic":"\u0627\u0650\u064a\u0651\u064e\u0627\u0643\u064e \u0646\u064e\u0639\u06e1\u0628\u064f\u062f\u064f  \u0648\u064e\u0627\u0650\u064a\u0651\u064e\u0627\u0643\u064e \u0646\u064e\u0633\u06e1\u062a\u064e\u0639\u0650\u064a\u06e1\u0646\u064f\u0615\u200f","translate":["5. Hanya Engkaulah yang kami sembah<sup><b>[6]<\/b><\/sup>, dan hanya kepada Engkaulah kami meminta pertolongan<sup><b>[7]<\/b><\/sup>.<br \/>","<footnote>[6] <i>Na'budu<\/i> diambil dari kata <i>'ibaadat<\/i>: kepatuhan dan ketundukkan yang ditimbulkan oleh perasaan terhadap kebesaran Allah, sebagai Tuhan yang disembah, karena berkeyakinan bahwa Allah mempunyai kekuasaan yang mutlak terhadapnya.<br \/> [7] <i>Nasta'iin<\/i> (minta pertolongan), terambil dari kata <i>isti'aanah<\/i>: mengharapkan bantuan untuk dapat menyelesaikan suatu pekerjaan yang tidak sanggup dikerjakan dengan tenaga sendiri.<br \/><\/footnote>"]},"6":{"arabic":"\u0627\u0650\u0647\u06e1\u062f\u0650\u0646\u064e\u0627 \u0627\u0644\u0635\u0651\u0650\u0631\u064e\u0627\u0637\u064e  \u0627\u0644\u06e1\u0645\u064f\u0633\u06e1\u062a\u064e\u0642\u0650\u064a\u06e1\u0645\u064e\u06d9\u200f","translate":["6. Tunjukilah<sup><b>[8]<\/b><\/sup>kami jalan yang lurus,<br \/>","<footnote>[8] <i>Ihdina<\/i> (tunjukilah kami), dari kata <i>hidayaat<\/i>: memberi petunjuk ke suatu jalan yang benar. Yang dimaksud dengan ayat ini bukan sekedar memberi hidayah saja, tetapi juga memberi taufik.<br \/><\/footnote>"]},"7":{"arabic":"\u0635\u0650\u0631\u064e\u0627\u0637\u064e \u0627\u0644\u0651\u064e\u0630\u0650\u064a\u06e1\u0646\u064e \u0627\u064e\u0646\u06e1\u0639\u064e\u0645\u06e1\u062a\u064e \u0639\u064e\u0644\u064e\u064a\u06e1\u0647\u0650\u0645\u06e1 \u06d9\u200f \u063a\u064e\u064a\u06e1\u0631\u0650 \u0627\u0644\u06e1\u0645\u064e\u063a\u06e1\u0636\u064f\u0648\u06e1\u0628\u0650 \u0639\u064e\u0644\u064e\u064a\u06e1\u0647\u0650\u0645\u06e1 \u0648\u064e\u0644\u064e\u0627 \u0627\u0644\u0636\u0651\u064e\u0627\u0653\u0644\u0651\u0650\u064a\u06e1\u0646\u064e\ue022","translate":["7. (yaitu) Jalan orang-orang yang telah Engkau beri nikmat kepada mereka; bukan (jalan) mereka yang dimurkai dan bukan (pula jalan) mereka yang sesat.<sup><b>[9]<\/b><\/sup><br \/>","<footnote>[9] Yang dimaksud dengan <i>mereka yang dimurkai<\/i> dan <i>mereka yang sesat<\/i> ialah semua golongan yang menyimpang dari ajaran Islam.<br \/><\/footnote>"]}}}